jour,strategie,mae,biais
2026-06-05,reference_23h,999.303113958011,855.4142408133342
2026-06-05,origine_22h,1175.3404282918339,1075.6510133528525
2026-06-05,report_22h,962.487576533269,795.6511664006988
2026-06-05,moyenne_2h,963.0285903250734,797.0234601487549
2026-06-05,moyenne_3h,1287.0082580841981,1194.872466852983
2026-06-05,mediane_3h,963.4997859772471,797.7522644965809
2026-06-06,reference_23h,722.1686644529846,526.4064351505168
2026-06-06,origine_22h,780.3558695638459,621.4461441312852
2026-06-06,report_22h,650.8589937099747,317.15646218269865
2026-06-06,moyenne_2h,691.2218927952345,142.50138415870734
2026-06-06,moyenne_3h,649.203083682515,319.2670647741565
2026-06-06,mediane_3h,650.8589937099747,317.15646218269865
2026-06-07,reference_23h,1092.2486949995812,402.3041605039947
2026-06-07,origine_22h,1130.4496201687246,384.9108040976666
2026-06-07,report_22h,1109.3011178399618,0.43031100921112025
2026-06-07,moyenne_2h,1163.5160456307774,-76.76111483735835
2026-06-07,moyenne_3h,1108.5098983538796,-66.5203626564963
2026-06-07,mediane_3h,1133.5088161001493,-7.392746888148869
2026-06-08,reference_23h,810.3502129636036,-532.6982072736085
2026-06-08,origine_22h,890.2744701693765,-623.7192437223139
2026-06-08,report_22h,1042.1898772659406,-810.2967778591944
2026-06-08,moyenne_2h,1181.2107548325625,-1041.5927990638868
2026-06-08,moyenne_3h,1180.9404069388174,-1017.628687288936
2026-06-08,mediane_3h,1104.5354765585162,-889.6507274453656
2026-06-09,reference_23h,707.6683288343585,511.56878397400544
2026-06-09,origine_22h,830.4297528060479,712.9137229205808
2026-06-09,report_22h,704.2673361976824,497.26635793668413
2026-06-09,moyenne_2h,698.1168514239686,461.271629353983
2026-06-09,moyenne_3h,884.1471133895418,812.0089537144939
2026-06-09,mediane_3h,704.2673361976824,497.26635793668413
2026-06-10,reference_23h,557.3676299163958,329.0171373846944
2026-06-10,origine_22h,525.6890684741508,351.0068839514652
2026-06-10,report_22h,559.7403883058328,309.6233893171451
2026-06-10,moyenne_2h,563.97614437732,182.9181809952513
2026-06-10,moyenne_3h,617.5418559882755,391.83813886083067
2026-06-10,mediane_3h,559.7403883058328,309.6233893171451
2026-06-11,reference_23h,719.3141372537651,-197.39448126885407
2026-06-11,origine_22h,605.2185258178038,-224.5035212994648
2026-06-11,report_22h,745.8492560133271,-238.0624578205809
2026-06-11,moyenne_2h,809.0213055558336,-402.57598794001547
2026-06-11,moyenne_3h,761.2497295749835,-193.8285334740747
2026-06-11,mediane_3h,745.8492560133271,-238.0624578205809
2026-06-12,reference_23h,556.7592550151656,-285.7782959184504
2026-06-12,origine_22h,524.7907893149174,-194.08701229680287
2026-06-12,report_22h,572.656892115061,-338.7363294751982
2026-06-12,moyenne_2h,580.4769726488885,-404.75974014871525
2026-06-12,moyenne_3h,545.8326594533146,-287.6263119072749
2026-06-12,mediane_3h,572.656892115061,-338.7363294751982
2026-06-13,reference_23h,788.7196413430369,344.72386328374546
2026-06-13,origine_22h,826.9523310317948,512.7734982553893
2026-06-13,report_22h,784.454816469303,204.26465924712923
2026-06-13,moyenne_2h,834.9722249294475,13.47158904086372
2026-06-13,moyenne_3h,790.816553665922,198.2244815519823
2026-06-13,mediane_3h,784.454816469303,204.26465924712923
2026-06-14,reference_23h,1074.4143516508627,559.7167843465841
2026-06-14,origine_22h,1122.663474058269,431.22534848912414
2026-06-14,report_22h,1008.5069442638415,195.0091397039241
2026-06-14,moyenne_2h,1027.9234846878096,18.776663434722256
2026-06-14,moyenne_3h,991.207287839297,93.30401276837027
2026-06-14,mediane_3h,998.416424338022,186.01376558216995
2026-06-15,reference_23h,897.6278479226397,-754.4547514336955
2026-06-15,origine_22h,876.4075214210626,-704.4483021093785
2026-06-15,report_22h,933.8231953375007,-881.399782283758
2026-06-15,moyenne_2h,1146.0748851013072,-1104.3050616003668
2026-06-15,moyenne_3h,1058.8907678657272,-1001.5422787950232
2026-06-15,mediane_3h,941.8007638170387,-894.0471420498965
2026-06-16,reference_23h,763.6942140797495,299.23214236796997
2026-06-16,origine_22h,722.6303265255458,362.8216930316004
2026-06-16,report_22h,734.7604680323585,326.2480961519399
2026-06-16,moyenne_2h,766.7297965886157,272.89228163806166
2026-06-16,moyenne_3h,785.9396446466781,625.5842092864582
2026-06-16,mediane_3h,734.7604680323585,326.2480961519399
2026-06-17,reference_23h,935.5404178302456,-162.4638946877736
2026-06-17,origine_22h,1041.7705688308517,9.387203910839478
2026-06-17,report_22h,932.5032177153787,-159.01759298586157
2026-06-17,moyenne_2h,929.5911409085732,-233.55446265794782
2026-06-17,moyenne_3h,910.176381813342,59.436880278955314
2026-06-17,mediane_3h,932.5032177153787,-159.01759298586157
2026-06-18,reference_23h,836.7548314938765,-732.9996500023351
2026-06-18,origine_22h,824.3895582590931,-531.1274944102399
2026-06-18,report_22h,784.9732707212347,-605.3798191858453
2026-06-18,moyenne_2h,810.4642637593275,-650.6471036327794
2026-06-18,moyenne_3h,838.7361941086837,-312.847609501308
2026-06-18,mediane_3h,784.9732707212347,-605.3798191858453
2026-06-19,reference_23h,469.4650643218556,-69.70392032784413
2026-06-19,origine_22h,520.6080580336047,4.890028487933349
2026-06-19,report_22h,490.4997062444394,101.01235564160838
2026-06-19,moyenne_2h,495.68037316405645,27.950261445887485
2026-06-19,moyenne_3h,590.8002901045911,368.62719916638764
2026-06-19,mediane_3h,490.4997062444394,101.01235564160838
2026-06-20,reference_23h,864.912306479291,-215.88570580015633
2026-06-20,origine_22h,915.6215466846362,-114.68962103542309
2026-06-20,report_22h,824.8728858020164,-267.6892433680221
2026-06-20,moyenne_2h,819.3452229579888,-361.68946853482623
2026-06-20,moyenne_3h,862.8136632770468,-110.25737743345456
2026-06-20,mediane_3h,824.8728858020164,-267.6892433680221
2026-06-21,reference_23h,1204.5463420984315,-960.0893150754637
2026-06-21,origine_22h,1230.070722372771,-1083.5575251237929
2026-06-21,report_22h,1342.0758650529897,-1204.7887156395097
2026-06-21,moyenne_2h,1537.8938181902429,-1422.1937105081047
2026-06-21,moyenne_3h,1397.9499538543441,-1279.7680840085625
2026-06-21,mediane_3h,1342.0758650529897,-1204.7887156395097
2026-06-22,reference_23h,2109.36204353996,-2069.45985514869
2026-06-22,origine_22h,2167.8220501727114,-2167.319784718034
2026-06-22,report_22h,2090.898875151988,-2055.624788170205
2026-06-22,moyenne_2h,2216.4037577944086,-2215.2250882975063
2026-06-22,moyenne_3h,2162.002672540997,-2157.8833914211164
2026-06-22,mediane_3h,2090.898875151988,-2055.624788170205
2026-06-23,reference_23h,947.8399815096789,-493.4400141846974
2026-06-23,origine_22h,1015.874172461042,-510.97446676055995
2026-06-23,report_22h,1007.1691365964637,-396.56308942828764
2026-06-23,moyenne_2h,961.5825329749606,-406.2679602037758
2026-06-23,moyenne_3h,1106.4906030202028,-215.96601172117326
2026-06-23,mediane_3h,1007.1691365964637,-396.56308942828764
2026-06-24,reference_23h,1062.2621287833817,-725.3301110788553
2026-06-24,origine_22h,1078.1265843061792,-643.7082088534868
2026-06-24,report_22h,1105.0122757788042,-660.845713351111
2026-06-24,moyenne_2h,1063.3511306315752,-641.7366714710357
2026-06-24,moyenne_3h,1093.948660773778,-326.3195572400386
2026-06-24,mediane_3h,1105.0122757788042,-660.845713351111
2026-06-25,reference_23h,1038.7213715548494,-914.2528542977424
2026-06-25,origine_22h,1186.9735653008297,-864.8029629586179
2026-06-25,report_22h,1006.0703180927743,-753.7297317882836
2026-06-25,moyenne_2h,1057.2041278439447,-866.8366515494652
2026-06-25,moyenne_3h,974.6818876640717,-523.8665981568262
2026-06-25,mediane_3h,1006.0703180927743,-753.7297317882836
2026-06-26,reference_23h,820.0279996551525,-528.8047913469813
2026-06-26,origine_22h,809.954372936675,-463.84720985337134
2026-06-26,report_22h,733.4524926864647,-252.64063813621854
2026-06-26,moyenne_2h,749.9521535521372,-320.60710670607216
2026-06-26,moyenne_3h,856.8718149091029,-118.87557427958002
2026-06-26,mediane_3h,733.4524926864647,-252.64063813621854
2026-06-27,reference_23h,1048.670732813581,370.7461903501478
2026-06-27,origine_22h,1205.0352987396589,642.7827747864076
2026-06-27,report_22h,1207.5027750273077,622.3004348712768
2026-06-27,moyenne_2h,1202.2023274688925,615.7181060897236
2026-06-27,moyenne_3h,1417.5830430526462,835.3118720427127
2026-06-27,mediane_3h,1207.5027750273077,622.3004348712768
2026-06-28,reference_23h,775.1261009426352,546.3012869290881
2026-06-28,origine_22h,949.0330904933982,896.9057134251932
2026-06-28,report_22h,891.7834299825408,770.8686204986478
2026-06-28,moyenne_2h,879.6473932956818,733.4419304922579
2026-06-28,moyenne_3h,1026.2791929856796,915.2411941059513
2026-06-28,mediane_3h,891.7834299825408,770.8686204986478
2026-06-29,reference_23h,935.5718592850975,897.0532753134809
2026-06-29,origine_22h,934.9547646189413,876.1632124690317
2026-06-29,report_22h,964.4030776844241,920.8888885200238
2026-06-29,moyenne_2h,952.7133395001188,850.5462728726552
2026-06-29,moyenne_3h,965.5450705559826,934.9323855176269
2026-06-29,mediane_3h,964.4030776844241,920.8888885200238
2026-06-30,reference_23h,446.18053606525757,-112.04044194520532
2026-06-30,origine_22h,534.4714316462462,19.233043062255803
2026-06-30,report_22h,498.63191629526443,46.56154501176902
2026-06-30,moyenne_2h,496.00558215384524,-2.6621004736674796
2026-06-30,moyenne_3h,572.6383228199389,286.8784811783733
2026-06-30,mediane_3h,498.63191629526443,46.56154501176902
2026-07-01,reference_23h,577.7063139561644,388.220709834952
2026-07-01,origine_22h,472.6452894290076,304.24220476592745
2026-07-01,report_22h,595.658964427488,411.40501702747196
2026-07-01,moyenne_2h,546.082419706971,267.8826333798421
2026-07-01,moyenne_3h,703.8823782804567,601.071580072943
2026-07-01,mediane_3h,595.658964427488,411.40501702747196
2026-07-02,reference_23h,853.9209871884956,-704.4669674939148
2026-07-02,origine_22h,802.8447533838989,-722.6828883924245
2026-07-02,report_22h,879.2595833893482,-741.8927560975607
2026-07-02,moyenne_2h,972.3510675470945,-873.7935962529664
2026-07-02,moyenne_3h,801.620547056399,-596.564775448432
2026-07-02,mediane_3h,879.2595833893482,-741.8927560975607
2026-07-03,reference_23h,651.2435262324237,-603.7622400379971
2026-07-03,origine_22h,778.1290331829429,-694.2472679549388
2026-07-03,report_22h,722.4506914502155,-688.7637833179214
2026-07-03,moyenne_2h,887.8991566232532,-859.4120431570814
2026-07-03,moyenne_3h,638.4149689441455,-565.3256045549152
2026-07-03,mediane_3h,722.4506914502155,-688.7637833179214
2026-07-04,reference_23h,716.5379239693699,338.5680096038923
2026-07-04,origine_22h,794.0058924436444,521.6404850241503
2026-07-04,report_22h,713.259485060221,308.20207113392036
2026-07-04,moyenne_2h,688.6483456348142,201.8743629024447
2026-07-04,moyenne_3h,735.6595773956761,426.57780820177015
2026-07-04,mediane_3h,713.259485060221,308.20207113392036
2026-07-05,reference_23h,939.6744586988024,342.90175408350984
2026-07-05,origine_22h,1075.7399675604481,521.949761509717
2026-07-05,report_22h,922.4638025536412,190.9179036429711
2026-07-05,moyenne_2h,863.7236437848336,61.482744631344524
2026-07-05,moyenne_3h,920.3718525711292,221.45931896888848
2026-07-05,mediane_3h,922.4638025536412,190.9179036429711
2026-07-06,reference_23h,1306.3818638264474,-982.8239575653449
2026-07-06,origine_22h,1384.437766966705,-1063.236029835336
2026-07-06,report_22h,1306.2300034447214,-990.7345338923744
2026-07-06,moyenne_2h,1419.1289490466356,-1199.429927746581
2026-07-06,moyenne_3h,1388.765460310436,-1145.17127606374
2026-07-06,mediane_3h,1333.7307356209592,-1054.2972639035006
2026-07-07,reference_23h,723.7947422213016,409.45402637233485
2026-07-07,origine_22h,943.4266434960458,670.1219432198407
2026-07-07,report_22h,916.6683269401408,647.0897449755297
2026-07-07,moyenne_2h,998.4582524834642,732.5940604326072
2026-07-07,moyenne_3h,1232.568979739615,1101.6163480472037
2026-07-07,mediane_3h,1015.8749404798978,783.8138632063128
2026-07-08,reference_23h,864.9136975791679,-388.3761193481076
2026-07-08,origine_22h,944.5540677593137,-398.3209705176556
2026-07-08,report_22h,922.5247049075308,-176.5775233645232
2026-07-08,moyenne_2h,935.7756495718722,-118.40491611094583
2026-07-08,moyenne_3h,1106.4646235076623,241.21601642872133
2026-07-08,mediane_3h,956.936208734316,-101.70216081737738
2026-07-09,reference_23h,533.8107391014532,-377.8866916351946
2026-07-09,origine_22h,626.0767120445634,-295.644376953619
2026-07-09,report_22h,545.1393452807787,-180.43345272808105
2026-07-09,moyenne_2h,541.6765088548264,-170.35942770565106
2026-07-09,moyenne_3h,667.9636331890281,140.38214948907608
2026-07-09,mediane_3h,549.6532416624898,-176.36634506117306
2026-07-10,reference_23h,737.7982485099612,-490.1472869238363
2026-07-10,origine_22h,626.3448045172371,-310.01567978729776
2026-07-10,report_22h,656.7213914003248,-153.57216911847038
2026-07-10,moyenne_2h,682.9476977037076,-107.2097657252465
2026-07-10,moyenne_3h,870.1046259447245,221.2913640581132
2026-07-10,mediane_3h,753.8572653203031,-8.538526139939242
2026-07-11,reference_23h,762.3039511330245,384.2546000811692
2026-07-11,origine_22h,847.2398270675473,751.6669776052171
2026-07-11,report_22h,782.7689413205856,571.9396754896592
2026-07-11,moyenne_2h,774.4051752380401,554.0359278404216
2026-07-11,moyenne_3h,1075.8893967515899,964.3682627558352
2026-07-11,mediane_3h,782.7689413205856,571.9396754896592
2026-07-12,reference_23h,987.3219044690796,189.1471982280238
2026-07-12,origine_22h,907.2111379835864,236.48623293831548
2026-07-12,report_22h,953.6309314141912,50.57177290291735
2026-07-12,moyenne_2h,964.7778997589409,-63.53696756515938
2026-07-12,moyenne_3h,978.6930184182856,96.02496420322795
2026-07-12,mediane_3h,953.6309314141912,50.57177290291735
2026-07-13,reference_23h,1670.770414919446,1604.8237385544555
2026-07-13,origine_22h,1578.1079911668144,1570.7136292253806
2026-07-13,report_22h,1701.5547116625091,1649.0881949575182
2026-07-13,moyenne_2h,1615.413016337763,1505.5429369930819
2026-07-13,moyenne_3h,1634.4914692972436,1540.0888225169456
2026-07-13,mediane_3h,1672.3358462144647,1603.810443764209
2026-07-14,reference_23h,2565.6317849997217,1771.8562145810906
2026-07-14,origine_22h,2574.3502586269396,1906.8356463315502
2026-07-14,report_22h,2637.9549250344794,1894.4561831742335
2026-07-14,moyenne_2h,2550.684565171257,1702.4783144532564
2026-07-14,moyenne_3h,2664.5893670812115,2011.3152965979132
2026-07-14,mediane_3h,2637.9549250344794,1894.4561831742335
2026-07-15,reference_23h,3535.10317384473,-3535.10317384473
2026-07-15,origine_22h,3556.1826006486676,-3495.5506933826864
2026-07-15,report_22h,3324.034788354112,-3296.8572318378347
2026-07-15,moyenne_2h,3391.107101863283,-3379.2975663420257
2026-07-15,moyenne_3h,3196.0917898742277,-3100.5311548247964
2026-07-15,mediane_3h,3324.034788354112,-3296.8572318378347
2026-07-16,reference_23h,787.8982125403256,-527.7137596129763
2026-07-16,origine_22h,794.3475742444153,-318.6442233994831
2026-07-16,report_22h,759.4907343962113,-288.88794971738423
2026-07-16,moyenne_2h,772.4331478204862,-310.77334708526115
2026-07-16,moyenne_3h,797.5715691126221,-43.39709886491619
2026-07-16,mediane_3h,759.4907343962113,-288.88794971738423
2026-07-17,reference_23h,490.6486258572537,-184.1431151386287
2026-07-17,origine_22h,435.5960172045177,18.84790477964745
2026-07-17,report_22h,515.8129632764831,202.99046663429087
2026-07-17,moyenne_2h,528.3307344676178,249.72553738697025
2026-07-17,moyenne_3h,845.912379636789,780.8247727165787
2026-07-17,mediane_3h,528.8899908714811,266.35415977625865
2026-07-18,reference_23h,725.3865202204457,580.4541221106888
2026-07-18,origine_22h,887.920635266498,823.5090673634047
2026-07-18,report_22h,777.7777978329898,673.6110867837298
2026-07-18,moyenne_2h,736.0508490919655,599.8025943219941
2026-07-18,moyenne_3h,918.2877402526846,906.0575281951172
2026-07-18,mediane_3h,777.7777978329898,673.6110867837298
2026-07-19,reference_23h,1270.66054649702,1218.0403886516272
2026-07-19,origine_22h,1333.3504938145174,1300.305969341187
2026-07-19,report_22h,1248.9095933995281,1183.7706488627218
2026-07-19,moyenne_2h,1132.8945693635753,1002.3922285987856
2026-07-19,moyenne_3h,1201.0166170679336,1109.713400202062
2026-07-19,mediane_3h,1248.9095933995281,1183.7706488627218
2026-07-20,reference_23h,633.0361669554202,389.554263612344
2026-07-20,origine_22h,595.7910263798732,293.08592413447076
2026-07-20,report_22h,646.3232719216976,350.51195270204175
2026-07-20,moyenne_2h,594.9488553395612,159.83578269421307
2026-07-20,moyenne_3h,612.9170300981281,228.10741297447225
2026-07-20,mediane_3h,651.8964793104128,320.7673480517292
2026-07-21,reference_23h,616.3725581714664,563.6245315895462
2026-07-21,origine_22h,934.7809239244731,894.18886457905
2026-07-21,report_22h,780.1450644893797,770.1671159756329
2026-07-21,moyenne_2h,709.1590360479059,686.7459621017688
2026-07-21,moyenne_3h,942.294394354654,942.294394354654
2026-07-21,mediane_3h,780.1450644893797,770.1671159756329
2026-07-22,reference_23h,1153.564242443712,1105.3945695183736
2026-07-22,origine_22h,1591.8437838146688,1591.8437838146688
2026-07-22,report_22h,1554.5506019409172,1554.5506019409172
2026-07-22,moyenne_2h,1412.0167494247307,1412.0167494247307
2026-07-22,moyenne_3h,1777.2448675836736,1777.2448675836736
2026-07-22,mediane_3h,1554.5506019409172,1554.5506019409172
2026-07-23,reference_23h,624.050301643414,-370.2537649041646
2026-07-23,origine_22h,652.6759344432091,340.18533341016473
2026-07-23,report_22h,655.5763713793244,418.25020598535207
2026-07-23,moyenne_2h,626.1476968381988,267.2709212598208
2026-07-23,moyenne_3h,664.4588389199597,448.91812274690704
2026-07-23,mediane_3h,655.5763713793244,418.25020598535207
2026-07-24,reference_23h,670.1014723545035,-318.08474216971524
2026-07-24,origine_22h,635.046693386553,70.74304512920143
2026-07-24,report_22h,608.5616253362551,181.83742315284894
2026-07-24,moyenne_2h,572.9289216399465,68.58799136717457
2026-07-24,moyenne_3h,566.9848274396383,204.60501899035128
2026-07-24,mediane_3h,608.5616253362551,181.83742315284894
2026-07-25,reference_23h,493.9863508901247,74.54185886995685
2026-07-25,origine_22h,547.2979262629476,470.12408398139087
2026-07-25,report_22h,541.8787647568524,540.5921633087137
2026-07-25,moyenne_2h,472.16336104807914,311.11721564967087
2026-07-25,moyenne_3h,493.4349244895863,466.6967148406978
2026-07-25,mediane_3h,541.8787647568524,540.5921633087137
2026-07-26,reference_23h,410.4554325393844,57.46887825834995
2026-07-26,origine_22h,538.4270420252429,439.53235040309823
2026-07-26,report_22h,359.48101441487614,266.8198813644299
2026-07-26,moyenne_2h,354.2138577838822,-9.892435358394994
2026-07-26,moyenne_3h,347.9860552891459,59.48469766511951
2026-07-26,mediane_3h,330.317929358145,171.20921672790237
2026-07-27,reference_23h,646.9859560231748,-554.1830987939437
2026-07-27,origine_22h,498.73326952330945,-258.1514821473301
2026-07-27,report_22h,556.1408572239285,-139.1555571635839
2026-07-27,moyenne_2h,598.1769337760786,-370.07389965212434
2026-07-27,moyenne_3h,659.1402742654612,-442.3415961513228
2026-07-27,mediane_3h,659.4744795211,-572.9351643384899
